6Y2E.pdb,A,W31A,E,6.6,6.1,0.59,False,False,True,E,6.5,7.0,0.49,False,False,False,-2.58,Reduced stability
6Y2E.pdb,A,W31C,E,6.6,6.1,0.59,False,False,True,E,6.5,6.8,0.52,True,False,True,-2.02,Reduced stability
6Y2E.pdb,A,W31D,E,6.6,6.1,0.59,False,False,True,E,5.1,6.9,0.52,False,False,True,-3.14,Reduced stability
6Y2E.pdb,A,W31E,E,6.6,6.1,0.59,False,False,True,E,4.3,6.5,0.52,False,False,False,-2.71,Reduced stability
6Y2E.pdb,A,W31F,E,6.6,6.1,0.59,False,False,True,E,5.0,6.3,0.58,False,False,False,-1.15,Reduced stability
6Y2E.pdb,A,W31G,E,6.6,6.1,0.59,False,False,True,E,13.0,8.1,0.45,False,False,False,-2.55,Reduced stability
6Y2E.pdb,A,W31H,E,6.6,6.1,0.59,False,False,True,E,3.8,6.7,0.57,False,True,True,-1.8,Reduced stability
6Y2E.pdb,A,W31I,E,6.6,6.1,0.59,False,False,True,E,7.8,6.9,0.56,False,False,False,-1.51,Reduced stability
6Y2E.pdb,A,W31K,E,6.6,6.1,0.59,False,False,True,E,9.7,6.0,0.49,False,False,False,-2.57,Reduced stability
6Y2E.pdb,A,W31L,E,6.6,6.1,0.59,False,False,True,E,5.5,6.9,0.54,False,False,False,-1.28,Reduced stability
6Y2E.pdb,A,W31M,E,6.6,6.1,0.59,False,False,True,E,5.3,6.2,0.52,True,False,False,-1.6,Reduced stability
6Y2E.pdb,A,W31N,E,6.6,6.1,0.59,False,False,True,E,5.0,6.8,0.51,False,False,True,-3.06,Reduced stability
6Y2E.pdb,A,W31P,E,6.6,6.1,0.59,False,False,True,E,2.9,7.4,0.58,False,False,False,-3.91,Reduced stability
6Y2E.pdb,A,W31Q,E,6.6,6.1,0.59,False,False,True,E,4.5,6.3,0.52,False,False,False,-2.67,Reduced stability
6Y2E.pdb,A,W31R,E,6.6,6.1,0.59,False,False,True,E,8.1,6.3,0.5,True,False,False,-1.64,Reduced stability
6Y2E.pdb,A,W31S,E,6.6,6.1,0.59,False,False,True,E,6.7,7.0,0.51,False,False,False,-3.7,Reduced stability
6Y2E.pdb,A,W31T,E,6.6,6.1,0.59,False,False,True,E,4.3,7.0,0.53,False,False,False,-2.98,Reduced stability
6Y2E.pdb,A,W31V,E,6.6,6.1,0.59,False,False,True,E,4.7,6.8,0.55,False,False,False,-0.84,Reduced stability
6Y2E.pdb,A,W31Y,E,6.6,6.1,0.59,False,False,True,E,4.7,6.0,0.58,False,False,True,-1.29,Reduced stability
