6Y2E.pdb,A,T25A,E,26.8,4.0,0.36,False,False,True,E,34.8,3.7,0.3,False,False,False,-0.15,Reduced stability
6Y2E.pdb,A,T25C,E,26.8,4.0,0.36,False,False,True,E,30.1,4.0,0.34,False,False,True,0.67,Increased stability
6Y2E.pdb,A,T25D,E,26.8,4.0,0.36,False,False,True,E,35.8,4.1,0.32,False,False,True,-0.75,Reduced stability
6Y2E.pdb,A,T25E,E,26.8,4.0,0.36,False,False,True,E,38.6,4.3,0.27,False,False,False,-0.47,Reduced stability
6Y2E.pdb,A,T25F,E,26.8,4.0,0.36,False,False,True,E,42.8,4.0,0.25,False,False,False,0.1,Increased stability
6Y2E.pdb,A,T25G,E,26.8,4.0,0.36,False,False,True,E,57.5,4.3,0.28,False,False,False,0.5,Increased stability
6Y2E.pdb,A,T25H,E,26.8,4.0,0.36,False,False,True,E,33.8,4.2,0.28,False,False,False,-0.35,Reduced stability
6Y2E.pdb,A,T25I,E,26.8,4.0,0.36,False,False,True,E,41.7,4.1,0.26,False,False,False,0.84,Increased stability
6Y2E.pdb,A,T25K,E,26.8,4.0,0.36,False,False,True,E,34.3,4.0,0.28,False,False,False,-0.54,Reduced stability
6Y2E.pdb,A,T25L,E,26.8,4.0,0.36,False,False,True,E,37.1,4.1,0.3,False,False,False,0.66,Increased stability
6Y2E.pdb,A,T25M,E,26.8,4.0,0.36,False,False,True,E,33.6,4.0,0.3,False,False,False,-0.13,Reduced stability
6Y2E.pdb,A,T25N,E,26.8,4.0,0.36,False,False,True,E,35.8,4.1,0.32,False,False,True,-0.62,Reduced stability
6Y2E.pdb,A,T25P,E,26.8,4.0,0.36,False,False,True,p,25.2,4.0,0.33,False,False,False,-1.06,Reduced stability
6Y2E.pdb,A,T25Q,E,26.8,4.0,0.36,False,False,True,E,36.4,3.8,0.24,False,False,True,-0.15,Reduced stability
6Y2E.pdb,A,T25R,E,26.8,4.0,0.36,False,False,True,E,30.0,4.2,0.2,False,False,False,-0.46,Reduced stability
6Y2E.pdb,A,T25S,E,26.8,4.0,0.36,False,False,True,E,36.0,3.7,0.28,False,False,True,-0.69,Reduced stability
6Y2E.pdb,A,T25V,E,26.8,4.0,0.36,False,False,True,E,39.2,4.0,0.3,False,False,False,1.04,Increased stability
6Y2E.pdb,A,T25W,E,26.8,4.0,0.36,False,False,True,E,40.4,4.0,0.21,False,False,False,0.17,Increased stability
6Y2E.pdb,A,T25Y,E,26.8,4.0,0.36,False,False,True,E,28.6,4.2,0.32,False,False,False,0.35,Increased stability
