6Y2E.pdb,A,N28A,E,0.0,8.2,0.54,False,True,True,E,0.0,9.1,0.47,False,False,False,-0.33,Reduced stability
6Y2E.pdb,A,N28C,E,0.0,8.2,0.54,False,True,True,E,0.0,8.6,0.51,False,True,True,0.44,Increased stability
6Y2E.pdb,A,N28D,E,0.0,8.2,0.54,False,True,True,E,0.0,8.5,0.52,True,True,True,-1.17,Reduced stability
6Y2E.pdb,A,N28E,E,0.0,8.2,0.54,False,True,True,E,0.0,8.1,0.57,True,True,True,-1.4,Reduced stability
6Y2E.pdb,A,N28F,E,0.0,8.2,0.54,False,True,True,E,0.0,8.2,0.65,False,False,False,-0.36,Reduced stability
6Y2E.pdb,A,N28G,E,0.0,8.2,0.54,False,True,True,E,6.9,9.2,0.43,False,False,False,-1.24,Reduced stability
6Y2E.pdb,A,N28H,E,0.0,8.2,0.54,False,True,True,E,0.0,8.1,0.61,False,True,True,-0.95,Reduced stability
6Y2E.pdb,A,N28I,E,0.0,8.2,0.54,False,True,True,E,0.0,8.3,0.59,False,False,False,0.88,Increased stability
6Y2E.pdb,A,N28K,E,0.0,8.2,0.54,False,True,True,E,0.0,8.3,0.61,False,False,True,-2.18,Reduced stability
6Y2E.pdb,A,N28L,E,0.0,8.2,0.54,False,True,True,E,0.0,8.8,0.61,False,False,False,0.68,Increased stability
6Y2E.pdb,A,N28M,E,0.0,8.2,0.54,False,True,True,E,0.0,8.4,0.62,True,True,False,-0.98,Reduced stability
6Y2E.pdb,A,N28P,E,0.0,8.2,0.54,False,True,True,E,0.0,8.1,0.51,False,False,False,-2.19,Reduced stability
6Y2E.pdb,A,N28Q,E,0.0,8.2,0.54,False,True,True,E,0.0,8.1,0.58,True,True,True,-1.2,Reduced stability
6Y2E.pdb,A,N28R,E,0.0,8.2,0.54,False,True,True,E,0.1,8.3,0.63,False,False,True,-1.83,Reduced stability
6Y2E.pdb,A,N28S,E,0.0,8.2,0.54,False,True,True,E,0.0,8.6,0.48,False,True,False,-1.65,Reduced stability
6Y2E.pdb,A,N28T,E,0.0,8.2,0.54,False,True,True,E,0.0,8.4,0.54,False,False,False,-0.31,Reduced stability
6Y2E.pdb,A,N28V,E,0.0,8.2,0.54,False,True,True,E,0.0,8.4,0.54,False,False,False,1.81,Increased stability
6Y2E.pdb,A,N28W,E,0.0,8.2,0.54,False,True,True,E,0.0,8.1,0.66,False,False,True,-0.91,Reduced stability
6Y2E.pdb,A,N28Y,E,0.0,8.2,0.54,False,True,True,E,0.0,8.2,0.66,False,True,True,-0.65,Reduced stability
