6Y2E.pdb,A,L27A,E,2.7,6.2,0.49,False,False,False,E,6.0,5.9,0.33,False,False,False,-3.94,Reduced stability
6Y2E.pdb,A,L27C,E,2.7,6.2,0.49,False,False,False,E,6.7,5.5,0.36,False,False,False,-1.2,Reduced stability
6Y2E.pdb,A,L27D,E,2.7,6.2,0.49,False,False,False,E,4.7,6.7,0.43,False,False,True,-3.36,Reduced stability
6Y2E.pdb,A,L27E,E,2.7,6.2,0.49,False,False,False,E,3.3,6.0,0.47,True,True,True,-2.26,Reduced stability
6Y2E.pdb,A,L27F,E,2.7,6.2,0.49,False,False,False,E,13.6,5.0,0.4,False,False,False,-0.69,Reduced stability
6Y2E.pdb,A,L27G,E,2.7,6.2,0.49,False,False,False,E,28.3,6.4,0.31,False,False,False,-2.11,Reduced stability
6Y2E.pdb,A,L27H,E,2.7,6.2,0.49,False,False,False,E,12.2,5.1,0.38,False,False,False,-1.89,Reduced stability
6Y2E.pdb,A,L27I,E,2.7,6.2,0.49,False,False,False,E,6.2,6.1,0.46,False,False,False,0.65,Increased stability
6Y2E.pdb,A,L27K,E,2.7,6.2,0.49,False,False,False,E,14.3,5.0,0.37,True,False,False,-3.17,Reduced stability
6Y2E.pdb,A,L27M,E,2.7,6.2,0.49,False,False,False,E,13.9,5.3,0.38,False,False,False,-1.12,Reduced stability
6Y2E.pdb,A,L27N,E,2.7,6.2,0.49,False,False,False,E,4.4,6.7,0.43,False,False,False,-2.82,Reduced stability
6Y2E.pdb,A,L27P,E,2.7,6.2,0.49,False,False,False,b,3.2,5.8,0.43,False,False,False,-3.53,Reduced stability
6Y2E.pdb,A,L27Q,E,2.7,6.2,0.49,False,False,False,E,2.7,6.5,0.48,True,False,True,-2.5,Reduced stability
6Y2E.pdb,A,L27R,E,2.7,6.2,0.49,False,False,False,E,4.7,5.8,0.47,True,False,True,-2.86,Reduced stability
6Y2E.pdb,A,L27S,E,2.7,6.2,0.49,False,False,False,E,5.0,5.6,0.34,False,False,False,-3.63,Reduced stability
6Y2E.pdb,A,L27T,E,2.7,6.2,0.49,False,False,False,E,4.2,6.5,0.43,False,False,True,-2.61,Reduced stability
6Y2E.pdb,A,L27V,E,2.7,6.2,0.49,False,False,False,E,5.3,6.1,0.42,False,False,False,-1.45,Reduced stability
6Y2E.pdb,A,L27W,E,2.7,6.2,0.49,False,False,False,E,14.4,5.1,0.43,True,False,False,-1.34,Reduced stability
6Y2E.pdb,A,L27Y,E,2.7,6.2,0.49,False,False,False,E,15.1,5.2,0.39,False,False,False,-1.24,Reduced stability
