6Y2E.pdb,A,G29A,E,0.0,10.2,0.57,False,False,False,E,0.0,11.4,0.63,False,False,False,-0.77,Reduced stability
6Y2E.pdb,A,G29C,E,0.0,10.2,0.57,False,False,False,E,0.0,10.9,0.66,False,True,True,-0.31,Reduced stability
6Y2E.pdb,A,G29D,E,0.0,10.2,0.57,False,False,False,E,0.0,11.6,0.65,True,True,True,-2.32,Reduced stability
6Y2E.pdb,A,G29E,E,0.0,10.2,0.57,False,False,False,E,0.0,9.9,0.73,False,True,True,-2.5,Reduced stability
6Y2E.pdb,A,G29F,E,0.0,10.2,0.57,False,False,False,E,0.0,10.6,0.72,False,False,False,-1.24,Reduced stability
6Y2E.pdb,A,G29H,E,0.0,10.2,0.57,False,False,False,b,0.0,10.6,0.7,True,True,True,-1.52,Reduced stability
6Y2E.pdb,A,G29I,E,0.0,10.2,0.57,False,False,False,E,0.0,11.4,0.68,False,False,False,-0.23,Reduced stability
6Y2E.pdb,A,G29K,E,0.0,10.2,0.57,False,False,False,E,0.0,10.6,0.67,False,False,False,-3.17,Reduced stability
6Y2E.pdb,A,G29L,E,0.0,10.2,0.57,False,False,False,b,0.0,11.1,0.67,False,False,False,-0.47,Reduced stability
6Y2E.pdb,A,G29M,E,0.0,10.2,0.57,False,False,False,E,0.0,10.5,0.71,False,True,False,-1.16,Reduced stability
6Y2E.pdb,A,G29N,E,0.0,10.2,0.57,False,False,False,E,0.0,11.7,0.64,True,True,True,-2.15,Reduced stability
6Y2E.pdb,A,G29P,E,0.0,10.2,0.57,False,False,False,b,0.0,10.9,0.65,False,False,False,-3.98,Reduced stability
6Y2E.pdb,A,G29Q,E,0.0,10.2,0.57,False,False,False,E,0.0,11.5,0.7,True,True,True,-2.42,Reduced stability
6Y2E.pdb,A,G29R,E,0.0,10.2,0.57,False,False,False,b,0.0,10.8,0.7,True,False,True,-2.38,Reduced stability
6Y2E.pdb,A,G29S,E,0.0,10.2,0.57,False,False,False,E,0.0,10.8,0.64,False,False,True,-2.3,Reduced stability
6Y2E.pdb,A,G29T,E,0.0,10.2,0.57,False,False,False,E,0.0,11.5,0.65,True,False,False,-2.13,Reduced stability
6Y2E.pdb,A,G29V,E,0.0,10.2,0.57,False,False,False,E,0.0,11.2,0.66,False,False,False,0.32,Increased stability
6Y2E.pdb,A,G29W,E,0.0,10.2,0.57,False,False,False,E,0.0,10.9,0.75,True,False,True,-1.19,Reduced stability
6Y2E.pdb,A,G29Y,E,0.0,10.2,0.57,False,False,False,p,0.0,8.8,0.75,True,True,True,-1.12,Reduced stability
